name,slug,keywords,description,content
Веб-разработка сайтов и приложений,,"веб-разработка сайтов и приложений, создание веб-приложений для бизнеса, разработка адаптивных сайтов, интеграция приложений с CRM","Веб-разработка сайтов и приложений для бизнеса. Создаем адаптивные сайты, интегрируем с CRM и ERP, оптимизируем скорость загрузки.","Веб-разработка сайтов и приложений — это создание современных, функциональных и адаптивных решений для бизнеса. Мы разрабатываем сайты, приложения и платформы с учетом ваших целей и задач. Включаем интеграцию с CRM, ERP и платежными системами. Оптимизация скорости загрузки и UX/UI-дизайн гарантируют удобство для пользователей."
Лендинги,/landings,"создание лендингов, разработка лендингов под ключ, лендинги для акций, адаптивные лендинги для бизнеса","Создание лендингов для бизнеса. Уникальный дизайн, адаптивность, SEO-оптимизация и интеграция с CRM. Увеличьте конверсии с нашими решениями.","Создаем лендинги, которые привлекают клиентов и увеличивают конверсии. Уникальный дизайн, адаптивность под любые устройства и SEO-оптимизация обеспечивают высокую эффективность. Мы разрабатываем лендинги для акций, мероприятий и запуска продуктов, включая интеграцию с аналитикой и CRM."
Корпоративные порталы,/portals,"разработка корпоративных порталов, создание порталов для бизнеса, корпоративные порталы с интеграцией, автоматизация процессов через порталы","Разработка корпоративных порталов для бизнеса. Интеграция с CRM и ERP, автоматизация процессов, удобный интерфейс и безопасность данных.","Разрабатываем корпоративные порталы для автоматизации бизнес-процессов и улучшения внутренней коммуникации. Интеграция с CRM, ERP и BI-системами, удобный интерфейс и высокая производительность. Порталы адаптированы под нужды вашего бизнеса и обеспечивают безопасность данных."
Одностраничные сайты,,"создание одностраничных сайтов, разработка одностраничных сайтов под ключ, лендинги для малого бизнеса, адаптивные сайты для стартапов","Создание одностраничных сайтов для бизнеса. Уникальный дизайн, адаптивность, SEO-оптимизация и интеграция с аналитикой.","Создаем одностраничные сайты для презентации услуг, продуктов или мероприятий. Уникальный дизайн, адаптивность и SEO-оптимизация обеспечивают привлечение клиентов. Интеграция с аналитикой и CRM позволяет отслеживать эффективность. Подходит для стартапов и малого бизнеса."
Интеграция с CRM и ERP системами,,"интеграция с CRM и ERP системами, настройка CRM для бизнеса, интеграция ERP с сайтом, автоматизация процессов через CRM","Интеграция с CRM и ERP системами для автоматизации бизнеса. Настройка, подключение и безопасность данных.","Интеграция с CRM и ERP системами помогает автоматизировать бизнес-процессы и улучшить управление. Мы подключаем и настраиваем системы для учета, аналитики и взаимодействия с клиентами. Обеспечиваем совместимость с существующими платформами и безопасность данных."
Интернет-магазины,/ecommerce,"разработка интернет-магазинов, создание интернет-магазинов под ключ, интернет-магазины с интеграцией CRM, адаптивные магазины для бизнеса","Разработка интернет-магазинов под ключ. Удобный интерфейс, адаптивный дизайн, интеграция с CRM и ERP, SEO-оптимизация для увеличения продаж.","Разрабатываем интернет-магазины с удобным интерфейсом, адаптивным дизайном и интеграцией с платежными системами, CRM и ERP. Оптимизация скорости загрузки и SEO обеспечивают высокую видимость в поисковых системах. Мы создаем решения, которые увеличивают продажи и улучшают пользовательский опыт."
Интеграция с платежными системами,,"интеграция с платежными системами, подключение платежных систем к сайту, настройка онлайн-платежей, интеграция PayPal для бизнеса","Интеграция с платежными системами для безопасных онлайн-платежей. Подключение PayPal, Stripe, Яндекс.Касса и других сервисов.","Интеграция с платежными системами для удобных и безопасных онлайн-платежей. Мы подключаем популярные сервисы, такие как PayPal, Stripe, Яндекс.Касса и другие. Настраиваем автоматизацию платежей, защиту данных и совместимость с вашим сайтом или приложением."
Сайты-визитки,/business-cards,"создание сайтов-визиток, разработка сайтов-визиток под ключ, адаптивные сайты-визитки, сайты-визитки для малого бизнеса","Создание сайтов-визиток для бизнеса. Уникальный дизайн, адаптивность, SEO-оптимизация и интеграция с аналитикой.","Создаем сайты-визитки для презентации вашего бизнеса, услуг или продуктов. Уникальный дизайн, адаптивность и SEO-оптимизация обеспечивают привлечение клиентов. Подходит для малого бизнеса, фрилансеров и стартапов. Интеграция с аналитикой и социальными сетями для повышения эффективности."
CRM и ERP решения,/crm-erp,"разработка CRM и ERP решений, внедрение CRM для бизнеса, настройка ERP систем, автоматизация процессов через CRM","Разработка и внедрение CRM и ERP решений для бизнеса. Автоматизация процессов, настройка систем и безопасность данных.","Разрабатываем и внедряем CRM и ERP решения для автоматизации бизнес-процессов. Настраиваем системы для управления продажами, аналитики и учета. Интеграция с существующими платформами и адаптация под нужды вашего бизнеса. Обеспечиваем безопасность данных и техническую поддержку."
Автоматизация бизнес-процессов,,"автоматизация бизнес-процессов, внедрение автоматизации в бизнес, автоматизация процессов через CRM, оптимизация бизнес-процессов","Автоматизация бизнес-процессов для повышения эффективности. Внедрение CRM, ERP и BI-систем, настройка интеграции и оптимизация процессов.","Автоматизация бизнес-процессов для повышения эффективности и снижения затрат. Мы внедряем CRM, ERP и BI-системы, настраиваем интеграцию с вашими платформами и оптимизируем рабочие процессы. Решения адаптированы под задачи вашего бизнеса и обеспечивают безопасность данных."
Веб-приложения,/web-apps,"разработка веб-приложений, создание веб-приложений под ключ, адаптивные веб-приложения, веб-приложения для бизнеса","Разработка веб-приложений для бизнеса. Уникальный функционал, адаптивный дизайн и интеграция с CRM и ERP системами.","Создаем веб-приложения с уникальным функционалом, адаптивным дизайном и высокой производительностью. Интеграция с CRM, ERP и другими системами позволяет автоматизировать процессы и улучшить взаимодействие с клиентами. Решения адаптированы под задачи вашего бизнеса."
Приложения для управления проектами,,"разработка приложений для управления проектами, приложения для командной работы, автоматизация управления проектами, приложения для бизнеса","Разработка приложений для управления проектами. Удобный интерфейс, автоматизация процессов и интеграция с популярными сервисами.","Создаем приложения для управления проектами, которые упрощают командную работу и автоматизируют процессы. Удобный интерфейс, интеграция с популярными сервисами и адаптация под нужды вашего бизнеса. Подходит для малого и крупного бизнеса."
Платформы для онлайн-обучения,,"разработка платформ для онлайн-обучения, создание образовательных платформ, платформы для курсов, онлайн-обучение для бизнеса","Разработка платформ для онлайн-обучения. Удобный интерфейс, адаптивный дизайн и интеграция с платежными системами.","Создаем платформы для онлайн-обучения с удобным интерфейсом и адаптивным дизайном. Интеграция с платежными системами, аналитикой и CRM позволяет эффективно управлять курсами и обучением. Подходит для образовательных учреждений и бизнеса."
Техническая поддержка сайтов,/support,"техническая поддержка сайтов, обслуживание сайтов, поддержка веб-ресурсов, регулярное обновление сайтов","Техническая поддержка сайтов. Регулярное обновление, мониторинг и устранение ошибок для стабильной работы.","Обеспечиваем техническую поддержку сайтов, включая регулярное обновление, мониторинг и устранение ошибок. Гарантируем стабильную работу веб-ресурсов и оперативное решение возникающих проблем. Подходит для бизнеса любого масштаба."
Регулярное обновление и мониторинг,,"регулярное обновление сайтов, мониторинг веб-ресурсов, поддержка сайтов, обновление контента",Регулярное обновление и мониторинг сайтов. Обеспечиваем актуальность контента и стабильную работу веб-ресурсов.,"Предоставляем услуги регулярного обновления и мониторинга сайтов. Обеспечиваем актуальность контента, стабильную работу и защиту от сбоев. Подходит для компаний, которым важна надежность их веб-ресурсов."
Оптимизация скорости загрузки,,"оптимизация скорости загрузки, ускорение сайтов, улучшение производительности сайтов, оптимизация веб-ресурсов","Оптимизация скорости загрузки сайтов. Ускоряем загрузку страниц, улучшая пользовательский опыт и SEO.","Оптимизируем скорость загрузки сайтов для улучшения пользовательского опыта и повышения позиций в поисковых системах. Устраняем узкие места, оптимизируем изображения и код. Подходит для сайтов любого масштаба."
Исправление ошибок и багов,,"исправление ошибок на сайте, устранение багов, техническая поддержка сайтов, исправление кода",Исправление ошибок и багов на сайте. Обеспечиваем стабильную работу и безопасность веб-ресурсов.,"Устраняем ошибки и баги на сайте, обеспечивая его стабильную работу и безопасность. Проводим аудит кода, исправляем проблемы с функционалом и дизайном. Подходит для любых веб-ресурсов."
Миграция и модернизация сайтов,,"миграция сайтов, модернизация веб-ресурсов, перенос сайтов, обновление сайтов",Миграция и модернизация сайтов. Переносим сайты на новые платформы и обновляем их функционал.,"Предоставляем услуги миграции и модернизации сайтов. Переносим веб-ресурсы на новые платформы, обновляем дизайн и функционал. Обеспечиваем сохранность данных и минимальные простои. Подходит для устаревших сайтов."
Кибербезопасность,,"услуги кибербезопасности, защита данных, аудит безопасности, предотвращение атак","Услуги кибербезопасности. Аудит, защита данных и предотвращение атак для вашего бизнеса.","Обеспечиваем кибербезопасность для вашего бизнеса. Проводим аудит, настраиваем защиту данных и предотвращаем кибератаки. Подходит для компаний, которым важна безопасность их информации."
Аудит веб-приложений,,"аудит веб-приложений, проверка безопасности приложений, тестирование веб-приложений, анализ уязвимостей","Аудит веб-приложений. Проверка безопасности, анализ уязвимостей и рекомендации по улучшению.","Проводим аудит веб-приложений для выявления уязвимостей и повышения их безопасности. Тестируем функционал, анализируем код и предоставляем рекомендации по улучшению. Подходит для любых веб-приложений."
Тестирование сетевой инфраструктуры,,"тестирование сетевой инфраструктуры, проверка сетевой безопасности, анализ сетевых уязвимостей, аудит сетей","Тестирование сетевой инфраструктуры. Проверка безопасности, анализ уязвимостей и рекомендации по улучшению.","Проводим тестирование сетевой инфраструктуры для выявления уязвимостей и повышения безопасности. Анализируем сетевые настройки, проверяем защиту и предоставляем рекомендации по улучшению. Подходит для компаний любого масштаба."
Социальная инженерия,,"услуги социальной инженерии, тестирование на уязвимости, защита от социальной инженерии, аудит безопасности",Социальная инженерия. Тестирование на уязвимости и обучение сотрудников для повышения безопасности.,"Проводим тестирование на уязвимости через методы социальной инженерии. Обучаем сотрудников распознавать угрозы и предотвращать атаки. Подходит для компаний, которые хотят повысить уровень безопасности."
Внедрение SIEM-систем,,"внедрение SIEM-систем, настройка SIEM, системы мониторинга безопасности, автоматизация безопасности",Внедрение SIEM-систем. Настройка и автоматизация мониторинга безопасности для вашего бизнеса.,"Внедряем SIEM-системы для автоматизации мониторинга безопасности. Настраиваем сбор и анализ данных, выявление угроз и реагирование на инциденты. Подходит для компаний, которым важна защита данных."
Настройка мониторинга,,"настройка мониторинга, системы мониторинга, мониторинг сетевой активности, контроль безопасности",Настройка мониторинга. Установка и настройка систем для контроля сетевой активности и безопасности.,Настраиваем системы мониторинга для контроля сетевой активности и безопасности. Обеспечиваем своевременное выявление угроз и реагирование на инциденты. Подходит для бизнеса любого масштаба.
Обнаружение аномалий,,"обнаружение аномалий, анализ сетевой активности, системы безопасности, предотвращение угроз",Обнаружение аномалий. Анализ сетевой активности для выявления угроз и предотвращения атак.,"Обеспечиваем обнаружение аномалий в сетевой активности для предотвращения угроз. Используем современные системы анализа и мониторинга. Подходит для компаний, которым важна безопасность их инфраструктуры."
OSINT,,"услуги OSINT, открытая разведка, анализ данных из открытых источников, мониторинг информации",OSINT. Сбор и анализ данных из открытых источников для повышения безопасности и принятия решений.,"Предоставляем услуги OSINT для сбора и анализа данных из открытых источников. Помогаем выявлять угрозы, анализировать информацию и принимать обоснованные решения. Подходит для бизнеса и частных лиц."
Анализ утечек данных,,"анализ утечек данных, проверка безопасности, защита информации, предотвращение утечек",Анализ утечек данных. Проверка безопасности и рекомендации по защите информации.,Проводим анализ утечек данных для выявления уязвимостей и предотвращения повторных инцидентов. Проверяем системы безопасности и предоставляем рекомендации по защите информации. Подходит для компаний любого масштаба.
Мониторинг darknet,,"мониторинг darknet, анализ угроз, защита данных, выявление утечек",Мониторинг darknet. Выявление утечек данных и анализ угроз для повышения безопасности.,"Проводим мониторинг darknet для выявления утечек данных и анализа потенциальных угроз. Обеспечиваем защиту информации и рекомендации по предотвращению инцидентов. Подходит для компаний, которым важна безопасность данных."
Сбор данных с сайтов и социальных сетей,,"сбор данных с сайтов, анализ социальных сетей, парсинг данных, мониторинг информации",Сбор данных с сайтов и социальных сетей. Анализ информации для бизнеса и исследований.,"Предоставляем услуги по сбору данных с сайтов и социальных сетей. Анализируем информацию для маркетинговых исследований, мониторинга бренда и других задач. Подходит для бизнеса и аналитических проектов."
Парсинг данных,,"парсинг данных, автоматизация сбора данных, анализ информации, обработка больших данных",Парсинг данных. Автоматизация сбора и обработки информации для бизнеса и исследований.,"Осуществляем парсинг данных для автоматизации сбора и обработки информации. Подходит для анализа больших объемов данных, маркетинговых исследований и других задач. Обеспечиваем точность и эффективность."
Анализ больших объемов данных,,"анализ больших данных, обработка данных, анализ информации, big data",Анализ больших объемов данных. Обработка и анализ информации для бизнеса и исследований.,"Предоставляем услуги анализа больших объемов данных. Используем современные технологии для обработки информации, выявления закономерностей и поддержки принятия решений. Подходит для бизнеса и научных исследований."
Интеграция с BI-системами,,"интеграция с BI-системами, бизнес-аналитика, настройка BI, автоматизация отчетности",Интеграция с BI-системами. Настройка аналитики и автоматизация отчетности для бизнеса.,"Выполняем интеграцию с BI-системами для автоматизации отчетности и бизнес-аналитики. Настраиваем сбор данных, визуализацию и анализ. Подходит для компаний, стремящихся улучшить управление данными."
Защита данных,,"защита данных, безопасность информации, предотвращение утечек, защита от взломов",Защита данных. Обеспечение безопасности информации и предотвращение утечек для вашего бизнеса.,"Обеспечиваем защиту данных для вашего бизнеса. Настраиваем системы безопасности, предотвращаем утечки и защищаем от взломов. Подходит для компаний, которым важна конфиденциальность информации."
Шифрование данных,,"шифрование данных, защита информации, настройка шифрования, безопасность данных",Шифрование данных. Настройка систем для защиты информации и предотвращения утечек.,"Предоставляем услуги шифрования данных для защиты информации. Настраиваем системы шифрования, обеспечиваем безопасность и конфиденциальность. Подходит для бизнеса любого масштаба."
Настройка VPN,,"настройка VPN, защита соединений, безопасный доступ, VPN для бизнеса",Настройка VPN. Обеспечение безопасного доступа и защиты соединений для вашего бизнеса.,Настраиваем VPN для обеспечения безопасного доступа к корпоративным ресурсам. Обеспечиваем защиту соединений и конфиденциальность данных. Подходит для удаленной работы и защиты информации.
Резервное копирование,,"резервное копирование, защита данных, настройка бэкапов, восстановление данных",Резервное копирование. Настройка систем для защиты данных и их восстановления.,Настраиваем системы резервного копирования для защиты данных и их восстановления в случае сбоев. Обеспечиваем надежность и безопасность информации. Подходит для бизнеса любого масштаба.
Обучение сотрудников,,"обучение сотрудников, тренинги по безопасности, повышение квалификации, обучение персонала",Обучение сотрудников. Проведение тренингов по безопасности и повышению квалификации.,Проводим обучение сотрудников по вопросам безопасности и повышению квалификации. Помогаем улучшить навыки персонала и повысить уровень защиты компании. Подходит для бизнеса любого масштаба.
Тренинги по кибербезопасности,,"тренинги по кибербезопасности, обучение безопасности, защита данных, повышение квалификации",Тренинги по кибербезопасности. Обучение сотрудников защите данных и предотвращению угроз.,Проводим тренинги по кибербезопасности для обучения сотрудников защите данных и предотвращению угроз. Помогаем повысить уровень безопасности компании. Подходит для бизнеса любого масштаба.
Создание политик безопасности,,"создание политик безопасности, разработка правил безопасности, защита данных, корпоративная безопасность",Создание политик безопасности. Разработка правил и процедур для защиты данных компании.,"Разрабатываем политики безопасности для защиты данных компании. Создаем правила и процедуры, которые помогают предотвратить утечки и повысить уровень защиты. Подходит для бизнеса любого масштаба."
Тестирование на фишинг,,"тестирование на фишинг, защита от фишинга, проверка безопасности, обучение сотрудников",Тестирование на фишинг. Проверка сотрудников на устойчивость к фишинговым атакам и обучение.,"Проводим тестирование на фишинг для проверки устойчивости сотрудников к атакам. Обучаем распознавать угрозы и предотвращать инциденты. Подходит для компаний, стремящихся повысить уровень безопасности."
Аудит безопасности,,"аудит безопасности, проверка систем, анализ уязвимостей, защита данных",Аудит безопасности. Проверка систем на уязвимости и рекомендации по их устранению.,Проводим аудит безопасности для выявления уязвимостей в системах. Анализируем текущую защиту и предоставляем рекомендации по улучшению. Подходит для компаний любого масштаба.
Расследование кибератак,,"расследование кибератак, анализ инцидентов, защита данных, предотвращение атак",Расследование кибератак. Анализ инцидентов и рекомендации по предотвращению повторных атак.,Проводим расследование кибератак для анализа инцидентов и предотвращения повторных атак. Обеспечиваем защиту данных и рекомендации по улучшению безопасности. Подходит для компаний любого масштаба.
Восстановление после атак,,"восстановление после атак, защита данных, устранение последствий, восстановление систем",Восстановление после атак. Устранение последствий и восстановление систем для стабильной работы.,"Предоставляем услуги восстановления после атак. Устраняем последствия, восстанавливаем системы и обеспечиваем их стабильную работу. Подходит для компаний, пострадавших от кибератак."
Блокчейн,,"блокчейн, внедрение блокчейна, технологии блокчейн, децентрализованные системы",Блокчейн. Внедрение технологий блокчейн для повышения прозрачности и автоматизации.,"Внедряем технологии блокчейн для повышения прозрачности и автоматизации процессов. Создаем децентрализованные системы, которые обеспечивают безопасность и надежность. Подходит для бизнеса любого масштаба."
Настройка майнинга,,"настройка майнинга, оборудование для майнинга, настройка ферм, оптимизация майнинга",Настройка майнинга. Подбор оборудования и настройка ферм для эффективной работы.,"Предоставляем услуги настройки майнинга. Подбираем оборудование, настраиваем фермы и оптимизируем процессы для максимальной эффективности. Подходит для начинающих и опытных майнеров."
Подбор оборудования,,"подбор оборудования для майнинга, выбор ASIC, настройка GPU, оборудование для ферм",Подбор оборудования. Помощь в выборе ASIC и GPU для майнинга и настройки ферм.,"Помогаем с подбором оборудования для майнинга. Рекомендуем подходящие ASIC и GPU, настраиваем фермы и обеспечиваем их стабильную работу. Подходит для майнеров любого уровня."
Настройка майнинговых ферм,,"настройка майнинговых ферм, оптимизация ферм, оборудование для майнинга, настройка ASIC",Настройка майнинговых ферм. Оптимизация оборудования и процессов для эффективной работы.,"Настраиваем майнинговые фермы для обеспечения их эффективной работы. Оптимизируем оборудование, настраиваем процессы и обеспечиваем стабильность. Подходит для майнеров любого уровня."
Оптимизация энергопотребления,,"оптимизация энергопотребления, снижение затрат, энергоэффективность, настройка оборудования",Оптимизация энергопотребления. Снижение затрат и повышение энергоэффективности оборудования.,"Предоставляем услуги оптимизации энергопотребления. Снижаем затраты, повышаем энергоэффективность оборудования и обеспечиваем стабильную работу. Подходит для бизнеса и майнинговых ферм."
Консультирование по оборудованию,,"консультирование по оборудованию, выбор оборудования, настройка систем, оптимизация работы",Консультирование по оборудованию. Помощь в выборе и настройке систем для бизнеса и майнинга.,Предоставляем консультации по выбору и настройке оборудования. Помогаем оптимизировать работу систем и повысить их эффективность. Подходит для бизнеса и майнинговых ферм.
Разработка мобильных приложений,,"разработка мобильных приложений, создание приложений для iOS и Android, мобильные приложения под ключ, адаптивные приложения","Разработка мобильных приложений для iOS и Android. Уникальный дизайн, высокая производительность и интеграция с системами.","Создаем мобильные приложения для iOS и Android с уникальным дизайном и высокой производительностью. Интеграция с CRM, ERP и другими системами позволяет автоматизировать процессы и улучшить взаимодействие с клиентами. Подходит для бизнеса любого масштаба."
